episode,reward,mrc,gmrc,smrc,mrt,gmrt,smrt,geqo_mrc,geqo_gmrc
0,-1.2804720258513305,56320.073301428216,290.0711514738248,47.24686288914795,1.0,1.0,1.0,928.2233219298296,6.482427549577999
500,-0.8039776692250534,8461.507152450049,123.70690337287887,26.481105111533434,1.0,1.0,1.0,928.2233219298296,6.482427549577999
1000,-0.5544684519479127,3956.401858100293,69.28907842820428,36.46400885708855,1.0,1.0,1.0,928.2233219298296,6.482427549577999
1500,-0.7887257501830914,23989.60213380925,125.25778809739475,34.586564221179806,1.0,1.0,1.0,928.2233219298296,6.482427549577999
2000,-0.5110661715202106,11415.750781439969,63.84742287506747,25.730188229819742,1.0,1.0,1.0,928.2233219298296,6.482427549577999
