episode,reward,mrc,gmrc,smrc,mrt,gmrt,smrt,geqo_mrc,geqo_gmrc
0,-1.7634045782059198,55958.91181180829,1829.945000295978,412.5429799348365,1.0,1.0,1.0,40.68236050629823,8.168379926554342
500,-1.1672960953973186,1368.2610861322582,215.49366714195375,10.554550080037632,1.0,1.0,1.0,40.68236050629823,8.168379926554342
1000,-0.8727962263953825,8733.091535382937,235.58936146850726,11.151086921418095,1.0,1.0,1.0,40.68236050629823,8.168379926554342
1500,-0.5010374630288482,3411.005357098914,97.6023045467658,31.172263532514414,1.0,1.0,1.0,40.68236050629823,8.168379926554342
2000,-1.2182334025996697,1246.7532618557752,219.9526753727271,7.330093723550563,1.0,1.0,1.0,40.68236050629823,8.168379926554342
